{"MEX-TIIE28.MX":{"price":{"maxAge":1,"regularMarketChangePercent":0.00009166876,"regularMarketChange":0.024414062,"regularMarketTime":0,"priceHint":2,"regularMarketPrice":266.35358,"regularMarketDayHigh":0,"regularMarketDayLow":0,"regularMarketVolume":0,"regularMarketPreviousClose":266.35358,"regularMarketSource":"DELAYED","exchange":"MEX","exchangeName":"Mexico","exchangeDataDelayedBy":0,"marketState":"REGULAR","quoteType":"BOND","symbol":"MEX-TIIE28.MX","underlyingSymbol":null,"shortName":"TIIE 28D","longName":null,"currency":"MXN","currencySymbol":"$","fromCurrency":null,"lastMarket":null}},"MEX-CETES-I.MX":{"price":{"maxAge":1,"regularMarketChangePercent":0.0001575811,"regularMarketChange":0.033340454,"regularMarketTime":0,"priceHint":2,"regularMarketPrice":211.60982,"regularMarketDayHigh":0,"regularMarketDayLow":0,"regularMarketVolume":0,"regularMarketPreviousClose":211.60982,"regularMarketSource":"DELAYED","exchange":"MEX","exchangeName":"Mexico","exchangeDataDelayedBy":0,"marketState":"REGULAR","quoteType":"BOND","symbol":"MEX-CETES-I.MX","underlyingSymbol":null,"shortName":"CETES","longName":null,"currency":"MXN","currencySymbol":"$","fromCurrency":null,"lastMarket":null}},"USDMXN=X":{"summaryDetail":{"maxAge":1,"priceHint":4,"previousClose":19.563,"open":19.561,"dayLow":19.4799,"dayHigh":19.6114,"regularMarketPreviousClose":19.563,"regularMarketOpen":19.561,"regularMarketDayLow":19.4799,"regularMarketDayHigh":19.6114,"volume":0,"regularMarketVolume":0,"averageVolume":0,"averageVolume10days":0,"averageDailyVolume10Day":0,"bid":19.5599,"ask":19.5606,"bidSize":0,"askSize":0,"fiftyTwoWeekLow":18.735,"fiftyTwoWeekHigh":20.6501,"fiftyDayAverage":19.239563,"twoHundredDayAverage":19.34261,"currency":"MXN","fromCurrency":null,"lastMarket":null,"algorithm":null,"tradeable":false},"price":{"maxAge":1,"regularMarketChangePercent":-0.000173741,"regularMarketChange":-0.0033988953,"regularMarketTime":"2019-12-02T20:20:01.000Z","priceHint":4,"regularMarketPrice":19.5596,"regularMarketDayHigh":19.6114,"regularMarketDayLow":19.4799,"regularMarketVolume":0,"averageDailyVolume10Day":0,"averageDailyVolume3Month":0,"regularMarketPreviousClose":19.563,"regularMarketSource":"DELAYED","regularMarketOpen":19.561,"exchange":"CCY","exchangeName":"CCY","exchangeDataDelayedBy":0,"marketState":"REGULAR","quoteType":"CURRENCY","symbol":"MXN=X","underlyingSymbol":null,"shortName":"USD/MXN","longName":null,"currency":"MXN","quoteSourceName":"Delayed Quote","currencySymbol":"$","fromCurrency":null,"lastMarket":null}},"^MXX":{"summaryDetail":{"maxAge":1,"priceHint":2,"previousClose":42820.18,"open":42863.35,"dayLow":42595.19,"dayHigh":42903.78,"regularMarketPreviousClose":42820.18,"regularMarketOpen":42863.35,"regularMarketDayLow":42595.19,"regularMarketDayHigh":42903.78,"volume":88400531,"regularMarketVolume":88400531,"averageVolume":159190588,"averageVolume10days":171663333,"averageDailyVolume10Day":171663333,"bid":0,"ask":0,"bidSize":0,"askSize":0,"fiftyTwoWeekLow":38265.51,"fiftyTwoWeekHigh":45599.57,"fiftyDayAverage":43456.027,"twoHundredDayAverage":42555.406,"currency":"MXN","fromCurrency":null,"lastMarket":null,"algorithm":null,"tradeable":false},"price":{"maxAge":1,"regularMarketChangePercent":-0.0048995772,"regularMarketChange":-209.80078,"regularMarketTime":"2019-12-02T20:00:01.000Z","priceHint":2,"regularMarketPrice":42610.38,"regularMarketDayHigh":42903.78,"regularMarketDayLow":42595.19,"regularMarketVolume":88400531,"averageDailyVolume10Day":171663333,"averageDailyVolume3Month":159190588,"regularMarketPreviousClose":42820.18,"regularMarketSource":"DELAYED","regularMarketOpen":42863.35,"exchange":"MEX","exchangeName":"Mexico","exchangeDataDelayedBy":0,"marketState":"REGULAR","quoteType":"INDEX","symbol":"^MXX","underlyingSymbol":null,"shortName":"IPC MEXICO","longName":null,"currency":"MXN","currencySymbol":"$","fromCurrency":null,"lastMarket":null}},"^NYA":{"summaryDetail":{"maxAge":1,"priceHint":2,"previousClose":13545.207,"open":13554.293,"dayLow":13443.104,"dayHigh":13554.293,"regularMarketPreviousClose":13545.207,"regularMarketOpen":13554.293,"regularMarketDayLow":13443.104,"regularMarketDayHigh":13554.293,"volume":0,"regularMarketVolume":0,"averageVolume":6290409206,"averageVolume10days":37733798000,"averageDailyVolume10Day":37733798000,"bid":0,"ask":0,"bidSize":0,"askSize":0,"fiftyTwoWeekLow":10724.19,"fiftyTwoWeekHigh":13611.49,"fiftyDayAverage":13292.739,"twoHundredDayAverage":12965.997,"currency":"USD","fromCurrency":null,"lastMarket":null,"algorithm":null,"tradeable":false},"price":{"maxAge":1,"regularMarketChangePercent":-0.005366866,"regularMarketChange":-72.69531,"regularMarketTime":"2019-12-02T20:04:55.000Z","priceHint":2,"regularMarketPrice":13472.512,"regularMarketDayHigh":13554.293,"regularMarketDayLow":13443.104,"regularMarketVolume":0,"averageDailyVolume10Day":37733798000,"averageDailyVolume3Month":6290409206,"regularMarketPreviousClose":13545.207,"regularMarketSource":"DELAYED","regularMarketOpen":13554.293,"exchange":"NYS","exchangeName":"NYSE","exchangeDataDelayedBy":0,"marketState":"REGULAR","quoteType":"INDEX","symbol":"^NYA","underlyingSymbol":null,"shortName":"NYSE COMPOSITE (DJ)","longName":null,"currency":"USD","currencySymbol":"$","fromCurrency":null,"lastMarket":null}},"^IXIC":{"summaryDetail":{"maxAge":1,"priceHint":2,"previousClose":8665.471,"open":8672.845,"dayLow":8540.155,"dayHigh":8672.845,"regularMarketPreviousClose":8665.471,"regularMarketOpen":8672.845,"regularMarketDayLow":8540.155,"regularMarketDayHigh":8672.845,"volume":1460782002,"regularMarketVolume":1460782002,"averageVolume":3743347777,"averageVolume10days":23644262000,"averageDailyVolume10Day":23644262000,"bid":0,"ask":0,"bidSize":0,"askSize":0,"fiftyTwoWeekLow":6190.17,"fiftyTwoWeekHigh":8705.91,"fiftyDayAverage":8380.432,"twoHundredDayAverage":8068.0864,"currency":"USD","fromCurrency":null,"lastMarket":null,"algorithm":null,"tradeable":false},"price":{"maxAge":1,"regularMarketChangePercent":-0.009855025,"regularMarketChange":-85.39844,"regularMarketTime":"2019-12-02T20:19:59.000Z","priceHint":2,"regularMarketPrice":8580.072,"regularMarketDayHigh":8672.845,"regularMarketDayLow":8540.155,"regularMarketVolume":1460782002,"averageDailyVolume10Day":23644262000,"averageDailyVolume3Month":3743347777,"regularMarketPreviousClose":8665.471,"regularMarketSource":"FREE_REALTIME","regularMarketOpen":8672.845,"exchange":"NIM","exchangeName":"Nasdaq GIDS","exchangeDataDelayedBy":0,"marketState":"REGULAR","quoteType":"INDEX","symbol":"^IXIC","underlyingSymbol":null,"shortName":"NASDAQ Composite","longName":null,"currency":"USD","quoteSourceName":"Free Realtime Quote","currencySymbol":"$","fromCurrency":null,"lastMarket":null}},"EWW":{"summaryDetail":{"maxAge":1,"priceHint":2,"previousClose":43.52,"open":43.34,"dayLow":43.05,"dayHigh":43.5,"regularMarketPreviousClose":43.52,"regularMarketOpen":43.34,"regularMarketDayLow":43.05,"regularMarketDayHigh":43.5,"volume":1697278,"regularMarketVolume":1697278,"averageVolume":2473950,"averageVolume10days":1915560,"averageDailyVolume10Day":1915560,"bid":43.13,"ask":43.14,"bidSize":2200,"askSize":2200,"yield":0.028199999,"totalAssets":818214528,"fiftyTwoWeekLow":37.86,"fiftyTwoWeekHigh":47.42,"fiftyDayAverage":44.51882,"twoHundredDayAverage":43.01913,"trailingAnnualDividendRate":1.327,"trailingAnnualDividendYield":0.030491728,"navPrice":43.56,"currency":"USD","fromCurrency":null,"lastMarket":null,"algorithm":null,"tradeable":true},"price":{"maxAge":1,"preMarketSource":"FREE_REALTIME","regularMarketChangePercent":-0.009880521,"regularMarketChange":-0.4300003,"regularMarketTime":"2019-12-02T20:19:48.000Z","priceHint":2,"regularMarketPrice":43.09,"regularMarketDayHigh":43.5,"regularMarketDayLow":43.05,"regularMarketVolume":1697278,"averageDailyVolume10Day":1915560,"averageDailyVolume3Month":2473950,"regularMarketPreviousClose":43.52,"regularMarketSource":"FREE_REALTIME","regularMarketOpen":43.34,"exchange":"PCX","exchangeName":"NYSEArca","exchangeDataDelayedBy":0,"marketState":"REGULAR","quoteType":"ETF","symbol":"EWW","underlyingSymbol":null,"shortName":"iShares Inc iShares MSCI Mexico","longName":"iShares MSCI Mexico Capped ETF","currency":"USD","quoteSourceName":"Nasdaq Real Time Price","currencySymbol":"$","fromCurrency":null,"lastMarket":null,"marketCap":814401024}},"SPY":{"summaryDetail":{"maxAge":1,"priceHint":2,"previousClose":314.31,"open":314.59,"dayLow":311.17,"dayHigh":314.66,"regularMarketPreviousClose":314.31,"regularMarketOpen":314.59,"regularMarketDayLow":311.17,"regularMarketDayHigh":314.66,"volume":54816318,"regularMarketVolume":54816318,"averageVolume":59169869,"averageVolume10days":42420740,"averageDailyVolume10Day":42420740,"bid":312.25,"ask":312.26,"bidSize":800,"askSize":1300,"yield":0.018099999,"totalAssets":275287670784,"fiftyTwoWeekLow":233.76,"fiftyTwoWeekHigh":315.48,"fiftyDayAverage":306.20734,"twoHundredDayAverage":295.9192,"navPrice":314.19,"currency":"USD","fromCurrency":null,"lastMarket":null,"algorithm":null,"tradeable":true},"price":{"maxAge":1,"preMarketChangePercent":0.000954433,"preMarketChange":0.299988,"preMarketTime":"2019-12-02T14:29:59.000Z","preMarketPrice":314.61,"preMarketSource":"FREE_REALTIME","regularMarketChangePercent":-0.007015324,"regularMarketChange":-2.2049866,"regularMarketTime":"2019-12-02T20:19:56.000Z","priceHint":2,"regularMarketPrice":312.105,"regularMarketDayHigh":314.66,"regularMarketDayLow":311.17,"regularMarketVolume":54816318,"averageDailyVolume10Day":42420740,"averageDailyVolume3Month":59169869,"regularMarketPreviousClose":314.31,"regularMarketSource":"FREE_REALTIME","regularMarketOpen":314.59,"exchange":"PCX","exchangeName":"NYSEArca","exchangeDataDelayedBy":0,"marketState":"REGULAR","quoteType":"ETF","symbol":"SPY","underlyingSymbol":null,"shortName":"SPDR S&P 500","longName":"SPDR S&P 500 ETF Trust","currency":"USD","quoteSourceName":"Nasdaq Real Time Price","currencySymbol":"$","fromCurrency":null,"lastMarket":null,"marketCap":286444355584}},"BTC-USD":{"summaryDetail":{"maxAge":1,"priceHint":2,"previousClose":7428.0146,"open":7428.0146,"dayLow":7239.3574,"dayHigh":7472.6245,"regularMarketPreviousClose":7428.0146,"regularMarketOpen":7428.0146,"regularMarketDayLow":7239.3574,"regularMarketDayHigh":7472.6245,"volume":17313615872,"regularMarketVolume":17313615872,"averageVolume":19346936285,"averageVolume10days":25489879338,"averageDailyVolume10Day":25489879338,"marketCap":132248813568,"fiftyTwoWeekLow":3191.3035,"fiftyTwoWeekHigh":13796.489,"fiftyDayAverage":8414.696,"twoHundredDayAverage":9445.023,"currency":"USD","fromCurrency":"BTC","lastMarket":"CoinMarketCap","volume24Hr":17313615872,"volumeAllCurrencies":17313615872,"circulatingSupply":18079376,"algorithm":null,"startDate":1367107200,"tradeable":true},"price":{"maxAge":1,"regularMarketChangePercent":-0.015228126,"regularMarketChange":-113.114746,"regularMarketTime":"2019-12-02T20:18:49.000Z","priceHint":2,"regularMarketPrice":7314.9,"regularMarketDayHigh":7472.6245,"regularMarketDayLow":7239.3574,"regularMarketVolume":17313615872,"averageDailyVolume10Day":25489879338,"averageDailyVolume3Month":19346936285,"regularMarketPreviousClose":7428.0146,"regularMarketSource":"FREE_REALTIME","regularMarketOpen":7428.0146,"exchange":"CCC","exchangeName":"CCC","exchangeDataDelayedBy":0,"marketState":"REGULAR","quoteType":"CRYPTOCURRENCY","symbol":"BTC-USD","underlyingSymbol":null,"shortName":"Bitcoin USD","longName":null,"currency":"USD","quoteSourceName":"CryptoCompare","currencySymbol":"$","fromCurrency":"BTC","lastMarket":"CoinMarketCap","volume24Hr":17313615872,"volumeAllCurrencies":17313615872,"circulatingSupply":18079376,"marketCap":132248813568}},"XRP-USD":{"summaryDetail":{"maxAge":1,"priceHint":4,"previousClose":0.225594,"open":0.225594,"dayLow":0.21783842,"dayHigh":0.22700523,"regularMarketPreviousClose":0.225594,"regularMarketOpen":0.225594,"regularMarketDayLow":0.21783842,"regularMarketDayHigh":0.22700523,"volume":1186356608,"regularMarketVolume":1186356608,"averageVolume":1598369308,"averageVolume10days":2500198222,"averageDailyVolume10Day":2500198222,"marketCap":9528506368,"fiftyTwoWeekLow":0.20701334,"fiftyTwoWeekHigh":0.5054671,"fiftyDayAverage":0.2734393,"twoHundredDayAverage":0.31771815,"currency":"USD","fromCurrency":"XRP","lastMarket":"CoinMarketCap","volume24Hr":1186356608,"volumeAllCurrencies":1186356608,"circulatingSupply":43299885056,"algorithm":null,"startDate":1375574400,"tradeable":false},"price":{"maxAge":1,"regularMarketChangePercent":-0.024537634,"regularMarketChange":-0.005535543,"regularMarketTime":"2019-12-02T20:18:05.000Z","priceHint":4,"regularMarketPrice":0.22005846,"regularMarketDayHigh":0.22700523,"regularMarketDayLow":0.21783842,"regularMarketVolume":1186356608,"averageDailyVolume10Day":2500198222,"averageDailyVolume3Month":1598369308,"regularMarketPreviousClose":0.225594,"regularMarketSource":"FREE_REALTIME","regularMarketOpen":0.225594,"exchange":"CCC","exchangeName":"CCC","exchangeDataDelayedBy":0,"marketState":"REGULAR","quoteType":"CRYPTOCURRENCY","symbol":"XRP-USD","underlyingSymbol":null,"shortName":"XRP USD","longName":null,"currency":"USD","quoteSourceName":"CryptoCompare","currencySymbol":"$","fromCurrency":"XRP","lastMarket":"CoinMarketCap","volume24Hr":1186356608,"volumeAllCurrencies":1186356608,"circulatingSupply":43299885056,"marketCap":9528506368}},"ETH-USD":{"summaryDetail":{"maxAge":1,"priceHint":2,"previousClose":151.20093,"open":151.20093,"dayLow":147.66827,"dayHigh":152.0669,"regularMarketPreviousClose":151.20093,"regularMarketOpen":151.20093,"regularMarketDayLow":147.66827,"regularMarketDayHigh":152.0669,"volume":6648417280,"regularMarketVolume":6648417280,"averageVolume":8026381814,"averageVolume10days":8544273706,"averageDailyVolume10Day":8544273706,"marketCap":16143624192,"fiftyTwoWeekLow":82.82989,"fiftyTwoWeekHigh":361.39868,"fiftyDayAverage":175.41162,"twoHundredDayAverage":214.00992,"currency":"USD","fromCurrency":"ETH","lastMarket":"CoinMarketCap","volume24Hr":6648417280,"volumeAllCurrencies":6648417280,"circulatingSupply":108774600,"algorithm":null,"startDate":1438905600,"tradeable":true},"price":{"maxAge":1,"regularMarketChangePercent":-0.018434966,"regularMarketChange":-2.787384,"regularMarketTime":"2019-12-02T20:18:24.000Z","priceHint":2,"regularMarketPrice":148.41354,"regularMarketDayHigh":152.0669,"regularMarketDayLow":147.66827,"regularMarketVolume":6648417280,"averageDailyVolume10Day":8544273706,"averageDailyVolume3Month":8026381814,"regularMarketPreviousClose":151.20093,"regularMarketSource":"FREE_REALTIME","regularMarketOpen":151.20093,"exchange":"CCC","exchangeName":"CCC","exchangeDataDelayedBy":0,"marketState":"REGULAR","quoteType":"CRYPTOCURRENCY","symbol":"ETH-USD","underlyingSymbol":null,"shortName":"Ethereum USD","longName":null,"currency":"USD","quoteSourceName":"CryptoCompare","currencySymbol":"$","fromCurrency":"ETH","lastMarket":"CoinMarketCap","volume24Hr":6648417280,"volumeAllCurrencies":6648417280,"circulatingSupply":108774600,"marketCap":16143624192}}}